{"timestamps": [1482641047.739469], "initial_reset_timestamp": 1482641033.811078, "episode_types": ["t"], "episode_lengths": [796], "episode_rewards": [250.0]}