{"timestamps": [1483485417.167824], "initial_reset_timestamp": 1483485396.190501, "episode_types": ["t"], "episode_lengths": [1221], "episode_rewards": [445.0]}